segment_type,cluster,avg_ProductRelated,avg_ProductRelated_Duration,avg_BounceRates,avg_PageValues
clickstream,0,23.9654632721202,875.1113339268461,0.00884077807136895,5.842795967765129
clickstream,1,4.153398058252427,105.48277357867961,0.14932553679708738,0.9784469738631068
clickstream,2,98.77686989314897,3919.2373419702703,0.006338404316153363,9.811057516575739
