segment_type,cluster,avg_ProductRelated,avg_ProductRelated_Duration,avg_BounceRates,avg_PageValues
clickstream,0,92.90112994350282,4292.4790677782485,0.007464910632768361,7.406016247946328
clickstream,1,27.088714544357273,1031.7805481487428,0.009550960808086905,6.859522238207604
clickstream,2,1.3636363636363635,0.0,0.2,0.0
clickstream,3,44.82830188679245,1676.2907832802769,0.010703209221698113,7.342079256850001
clickstream,4,25.72530664945126,931.5880256176284,0.016302403378308586,5.582819295811814
clickstream,5,33.56648451730419,1116.977684492805,0.011849442672131148,8.64558020325683
clickstream,6,20.104443162146566,811.1771356034351,0.008514227103289094,4.235159633020197
clickstream,7,32.615452151009656,1111.8242449145478,0.02225605811501317,5.177568003256365
