segment_type,cluster,avg_marital_status
demographic,0,0.7073689478293507
demographic,1,0.3896033755274262
demographic,2,0.2661944009263674
demographic,3,0.3976056175895016
demographic,4,0.6993615147512109
demographic,5,0.6156412930135557
demographic,6,0.4037463461194297
