segment_type,cluster,avg_marital_status
demographic,0,0.2661944009263674
demographic,1,0.4003086221307786
demographic,2,0.38731463808545
demographic,3,0.6993615147512109
demographic,4,0.7073689478293507
demographic,5,0.6156412930135557
demographic,6,0.3899731754694293
demographic,7,0.3965296803652968
