segment_type,cluster,Amount_mean,Amount_sum,Amount_count
purchase,0,236.56361225327535,2022.1821944465096,8.691881918819188
purchase,1,273.5144376140523,3512.118449911677,13.037117903930131
