segment_type,cluster,Amount_mean,Amount_sum,Amount_count
purchase,0,232.38775831470164,2504.252859908317,10.555555555555555
purchase,1,253.67870882308668,2706.3922539963487,10.683148335015137
