click_high_engagement_share,purchase_high_value_share
0.2786936560934892,0.0
0.02330097087378641,0.7292576419213974
0.863607793840352,
