,demographic_avg,clickstream_avg,purchase_avg
demographic_avg,1.0,-0.6630260579063955,0.9999999999999978
clickstream_avg,-0.6630260579063955,1.0,-0.999999999999999
purchase_avg,0.9999999999999978,-0.999999999999999,1.0
