cluster,demographic_avg,clickstream_avg,purchase_avg
0,1.6866130826692098,209.62690322230432,0.3284677858405611
1,1.7778563621166334,44.86994229333917,0.35418836065354276
2,1.7471410626600758,0.6468065268065268,
3,1.7841565145065803,71.51121235075762,
4,1.7949803300109823,40.28960184245674,
5,1.8125825512686826,51.60904076517929,
6,1.7697098634107236,35.99054417982343,
7,1.739104515474378,48.41864450381312,
